{
  "status": "discard",
  "lpips": 0.08459766360931098,
  "relative_l1": 1.073271556612703,
  "ssim": 0.8641956336927802,
  "rmse": 6.509303420322287,
  "psnr": 26.159115209175333,
  "cosine": 0.9910560104127151,
  "sample_seconds": 1132.205614566803,
  "eval_seconds": 16.431868314743042,
  "total_seconds": 1148.6387400627136,
  "pade_m": 1,
  "pade_n": 2,
  "max_order": 3,
  "interval": 4,
  "pade_only_single_step": true,
  "pade_denom_threshold": 0.001,
  "approx_total_steps": 9300,
  "pade_steps": 3000,
  "taylor_steps": 6300,
  "mixed_steps": 0,
  "pade_calls": 168000,
  "taylor_calls": 352800,
  "pade_step_ratio": 0.3225806451612903,
  "pade_call_ratio": 0.3225806451612903,
  "artifact_dir": "/home/yjs/autoresearch/runs/20260319-234247-m1-n2-k3-i4",
  "description": "agent retry [1/2] single-step threshold1e-3 100img"
}