{
  "status": "keep",
  "pade_target_file": "/home/yjs/TaylorSeer/TaylorSeer-DiT/taylor_utils/__init__.py",
  "pade_code_sha256": "a33d3655b85d125277a52ec2a7310465cfcedc58f149c06c428f2e391eb68d88",
  "pade_snapshot_file": "/home/yjs/autoresearch/runs/20260326-134634-m1-n2-k3-i2/pade_target_snapshot.py",
  "lpips": 0.05427972411271185,
  "relative_l1": 1.0634037720254672,
  "ssim": 0.908731154836931,
  "rmse": 5.243258940774045,
  "psnr": 29.5429350787065,
  "cosine": 0.9940901898746667,
  "sample_seconds": 3003.12721657753,
  "eval_seconds": 14.607500791549683,
  "total_seconds": 3017.7368166446686,
  "pade_m": 1,
  "pade_n": 2,
  "max_order": 3,
  "interval": 2,
  "pade_only_single_step": true,
  "pade_denom_threshold": 0.001,
  "approx_total_steps": 6200,
  "pade_steps": 6100,
  "taylor_steps": 100,
  "mixed_steps": 0,
  "pade_calls": 341600,
  "taylor_calls": 5600,
  "pade_step_ratio": 0.9838709677419355,
  "pade_call_ratio": 0.9838709677419355,
  "artifact_dir": "/home/yjs/autoresearch/runs/20260326-134634-m1-n2-k3-i2",
  "description": "parameter probe: reduce interval to 2 on validated interval-3 weak-denominator-only blend code"
}