{
  "status": "discard",
  "pade_target_file": "/home/yjs/TaylorSeer/TaylorSeer-DiT/taylor_utils/__init__.py",
  "pade_code_sha256": "a33d3655b85d125277a52ec2a7310465cfcedc58f149c06c428f2e391eb68d88",
  "pade_snapshot_file": "/home/yjs/autoresearch/runs/20260326-162003-m1-n2-k3-i2/pade_target_snapshot.py",
  "lpips": 0.04666595081798732,
  "relative_l1": 1.0182505837437115,
  "ssim": 0.9232283547611566,
  "rmse": 4.796675534177705,
  "psnr": 30.723521380813462,
  "cosine": 0.9948049897161052,
  "sample_seconds": 2993.440805196762,
  "eval_seconds": 14.978877067565918,
  "total_seconds": 3008.421799182892,
  "pade_m": 1,
  "pade_n": 2,
  "max_order": 3,
  "interval": 2,
  "pade_only_single_step": true,
  "pade_denom_threshold": 0.003,
  "approx_total_steps": 6200,
  "pade_steps": 6100,
  "taylor_steps": 101,
  "mixed_steps": 1,
  "pade_calls": 341599,
  "taylor_calls": 5601,
  "pade_step_ratio": 0.9838709677419355,
  "pade_call_ratio": 0.9838680875576037,
  "artifact_dir": "/home/yjs/autoresearch/runs/20260326-162003-m1-n2-k3-i2",
  "description": "parameter probe: raise pade_denom_threshold to 3e-3 on interval-2 weak-denominator-only blend code"
}