{
  "status": "discard",
  "pade_target_file": "/home/yjs/TaylorSeer/TaylorSeer-DiT/taylor_utils/__init__.py",
  "pade_code_sha256": "63fde0b43ee89414d597a9d50357c80a2c6658960debdebb525293fe4254f91d",
  "pade_snapshot_file": "/home/yjs/autoresearch/runs/20260325-195430-m1-n2-k3-i4/pade_target_snapshot.py",
  "lpips": 0.08507328508421778,
  "relative_l1": 1.074280311450896,
  "ssim": 0.863057520110057,
  "rmse": 6.514294275944111,
  "psnr": 26.105816597148777,
  "cosine": 0.9909103629228064,
  "sample_seconds": 1219.043194770813,
  "eval_seconds": 14.961223363876343,
  "total_seconds": 1234.0056221485138,
  "pade_m": 1,
  "pade_n": 2,
  "max_order": 3,
  "interval": 4,
  "pade_only_single_step": true,
  "pade_denom_threshold": 0.001,
  "approx_total_steps": 9300,
  "pade_steps": 3000,
  "taylor_steps": 6300,
  "mixed_steps": 0,
  "pade_calls": 168000,
  "taylor_calls": 352800,
  "pade_step_ratio": 0.3225806451612903,
  "pade_call_ratio": 0.3225806451612903,
  "artifact_dir": "/home/yjs/autoresearch/runs/20260325-195430-m1-n2-k3-i4",
  "description": "require denom margin to exceed local pole risk before Pad\u00e9 blend"
}