{
  "status": "discard",
  "pade_target_file": "/home/yjs/TaylorSeer/TaylorSeer-DiT/taylor_utils/__init__.py",
  "pade_code_sha256": "a33d3655b85d125277a52ec2a7310465cfcedc58f149c06c428f2e391eb68d88",
  "pade_snapshot_file": "/home/yjs/autoresearch/runs/20260326-104449-m1-n2-k3-i4/pade_target_snapshot.py",
  "lpips": 0.0858558416645974,
  "relative_l1": 1.073673580162144,
  "ssim": 0.8629817617094249,
  "rmse": 6.511033178147463,
  "psnr": 26.112834423825884,
  "cosine": 0.9908175822759915,
  "sample_seconds": 1730.2214450836182,
  "eval_seconds": 15.26218318939209,
  "total_seconds": 1745.484408378601,
  "pade_m": 1,
  "pade_n": 2,
  "max_order": 3,
  "interval": 4,
  "pade_only_single_step": true,
  "pade_denom_threshold": 0.0001,
  "approx_total_steps": 9300,
  "pade_steps": 3000,
  "taylor_steps": 6300,
  "mixed_steps": 0,
  "pade_calls": 168000,
  "taylor_calls": 352800,
  "pade_step_ratio": 0.3225806451612903,
  "pade_call_ratio": 0.3225806451612903,
  "artifact_dir": "/home/yjs/autoresearch/runs/20260326-104449-m1-n2-k3-i4",
  "description": "code probe: restore weak-denominator-only blend and Taylor fallback"
}