{
  "status": "discard",
  "pade_target_file": "/home/yjs/TaylorSeer/TaylorSeer-DiT/taylor_utils/__init__.py",
  "pade_code_sha256": "7dd9d6174125af251d2dc7da5b12d5f686f8cb06715cc3de67fcb38ac6f35366",
  "pade_snapshot_file": "/home/yjs/autoresearch/runs/20260325-211143-m1-n2-k3-i4/pade_target_snapshot.py",
  "lpips": 0.08509273299947381,
  "relative_l1": 1.0741293927018973,
  "ssim": 0.863015509607148,
  "rmse": 6.515484111389629,
  "psnr": 26.10446245593204,
  "cosine": 0.9909054759966074,
  "sample_seconds": 1804.1001093387604,
  "eval_seconds": 15.420224905014038,
  "total_seconds": 1819.5212705135345,
  "pade_m": 1,
  "pade_n": 2,
  "max_order": 3,
  "interval": 4,
  "pade_only_single_step": true,
  "pade_denom_threshold": 0.001,
  "approx_total_steps": 9300,
  "pade_steps": 3000,
  "taylor_steps": 6300,
  "mixed_steps": 0,
  "pade_calls": 168000,
  "taylor_calls": 352800,
  "pade_step_ratio": 0.3225806451612903,
  "pade_call_ratio": 0.3225806451612903,
  "artifact_dir": "/home/yjs/autoresearch/runs/20260325-211143-m1-n2-k3-i4",
  "description": "restore solve-residual gate and keep correction-ratio fallback"
}