{
  "status": "keep",
  "pade_target_file": "/home/yjs/TaylorSeer/TaylorSeer-DiT/taylor_utils/__init__.py",
  "pade_code_sha256": "a33d3655b85d125277a52ec2a7310465cfcedc58f149c06c428f2e391eb68d88",
  "pade_snapshot_file": "/home/yjs/autoresearch/runs/20260326-130916-m1-n2-k3-i3/pade_target_snapshot.py",
  "lpips": 0.06277154843788595,
  "relative_l1": 1.0578434406623076,
  "ssim": 0.8979801755202256,
  "rmse": 5.604659884587046,
  "psnr": 28.38235347342889,
  "cosine": 0.9916925190536796,
  "sample_seconds": 2161.203676223755,
  "eval_seconds": 14.960661888122559,
  "total_seconds": 2176.1662681102753,
  "pade_m": 1,
  "pade_n": 2,
  "max_order": 3,
  "interval": 3,
  "pade_only_single_step": true,
  "pade_denom_threshold": 0.001,
  "approx_total_steps": 8300,
  "pade_steps": 4050,
  "taylor_steps": 4250,
  "mixed_steps": 0,
  "pade_calls": 226800,
  "taylor_calls": 238000,
  "pade_step_ratio": 0.4879518072289157,
  "pade_call_ratio": 0.4879518072289157,
  "artifact_dir": "/home/yjs/autoresearch/runs/20260326-130916-m1-n2-k3-i3",
  "description": "parameter probe: reduce interval to 3 on validated weak-denominator-only blend code"
}