{
  "total_steps": 6200,
  "pade_steps": 6100,
  "taylor_steps": 100,
  "mixed_steps": 0,
  "pure_pade_steps": 6100,
  "pure_taylor_steps": 100,
  "pade_calls": 341600,
  "taylor_calls": 5600,
  "num_batches": 50,
  "pade_step_ratio": 0.9838709677419355,
  "pade_call_ratio": 0.9838709677419355
}