{
  "status": "keep",
  "pade_target_file": "/home/yjs/TaylorSeer/TaylorSeer-DiT/taylor_utils/__init__.py",
  "pade_code_sha256": "a33d3655b85d125277a52ec2a7310465cfcedc58f149c06c428f2e391eb68d88",
  "pade_snapshot_file": "/home/yjs/autoresearch/runs/20260326-184413-m1-n2-k3-i2/pade_target_snapshot.py",
  "lpips": 0.04450270052650012,
  "relative_l1": 1.0302408544353134,
  "ssim": 0.925180501688309,
  "rmse": 4.970753918785144,
  "psnr": 30.506594336648565,
  "cosine": 0.9956556093698559,
  "sample_seconds": 2991.388614654541,
  "eval_seconds": 15.523976564407349,
  "total_seconds": 3006.9133694171906,
  "pade_m": 1,
  "pade_n": 2,
  "max_order": 3,
  "interval": 2,
  "pade_only_single_step": true,
  "pade_denom_threshold": 0.0015,
  "approx_total_steps": 6200,
  "pade_steps": 6100,
  "taylor_steps": 100,
  "mixed_steps": 0,
  "pade_calls": 341600,
  "taylor_calls": 5600,
  "pade_step_ratio": 0.9838709677419355,
  "pade_call_ratio": 0.9838709677419355,
  "artifact_dir": "/home/yjs/autoresearch/runs/20260326-184413-m1-n2-k3-i2",
  "description": "parameter probe: lower pade_denom_threshold to 1.5e-3 on interval-2 best code"
}