{
  "status": "discard",
  "pade_target_file": "/home/yjs/TaylorSeer/TaylorSeer-DiT/taylor_utils/__init__.py",
  "pade_code_sha256": "6f6152a0fe9ae69e4350488120fb5cef2cdbcb663690ef0a6579643df046f598",
  "pade_snapshot_file": "/home/yjs/autoresearch/runs/20260325-184720-m1-n2-k3-i4/pade_target_snapshot.py",
  "lpips": 0.08506811157800258,
  "relative_l1": 1.0742402436407386,
  "ssim": 0.8630728615259586,
  "rmse": 6.51424468938943,
  "psnr": 26.10646023995171,
  "cosine": 0.990915322296715,
  "sample_seconds": 1352.746993303299,
  "eval_seconds": 15.448163747787476,
  "total_seconds": 1368.1960752010345,
  "pade_m": 1,
  "pade_n": 2,
  "max_order": 3,
  "interval": 4,
  "pade_only_single_step": true,
  "pade_denom_threshold": 0.001,
  "approx_total_steps": 9300,
  "pade_steps": 3000,
  "taylor_steps": 6300,
  "mixed_steps": 0,
  "pade_calls": 168000,
  "taylor_calls": 352800,
  "pade_step_ratio": 0.3225806451612903,
  "pade_call_ratio": 0.3225806451612903,
  "artifact_dir": "/home/yjs/autoresearch/runs/20260325-184720-m1-n2-k3-i4",
  "description": "regularize [1/2] Pad\u00e9 solve with tiny scaled diagonal damping"
}