{
  "status": "discard",
  "lpips": 0.7025057205557823,
  "relative_l1": 1.0748374011083592,
  "ssim": 0.26632155820787623,
  "rmse": 10.099828793694732,
  "psnr": 11.48762074792149,
  "cosine": 0.8729822103051491,
  "sample_seconds": 2033.843602180481,
  "eval_seconds": 19.746638536453247,
  "total_seconds": 2053.594091653824,
  "pade_m": 1,
  "pade_n": 2,
  "max_order": 3,
  "interval": 4,
  "pade_only_single_step": false,
  "pade_denom_threshold": 0.0001,
  "approx_total_steps": 9300,
  "pade_steps": 9000,
  "taylor_steps": 300,
  "mixed_steps": 0,
  "pade_calls": 504000,
  "taylor_calls": 16800,
  "pade_step_ratio": 0.967741935483871,
  "pade_call_ratio": 0.967741935483871,
  "artifact_dir": "/home/yjs/autoresearch/runs/20260318-232002-m1-n2-k3-i4",
  "description": "agent candidate [1/2] no-single-step threshold1e-4 100img"
}