{
  "status": "discard",
  "pade_target_file": "/home/yjs/TaylorSeer/TaylorSeer-DiT/taylor_utils/__init__.py",
  "pade_code_sha256": "e55c91a109f182442ae181830a6d124639e541f78d7ddb7866d074642b44bb91",
  "pade_snapshot_file": "/home/yjs/autoresearch/runs/20260325-191907-m1-n2-k3-i4/pade_target_snapshot.py",
  "lpips": 0.08509416702203453,
  "relative_l1": 1.074146187793837,
  "ssim": 0.8630249340247147,
  "rmse": 6.515325380880129,
  "psnr": 26.103637081023713,
  "cosine": 0.9909068051276891,
  "sample_seconds": 1213.703468322754,
  "eval_seconds": 15.22510313987732,
  "total_seconds": 1228.9298338890076,
  "pade_m": 1,
  "pade_n": 2,
  "max_order": 3,
  "interval": 4,
  "pade_only_single_step": true,
  "pade_denom_threshold": 0.001,
  "approx_total_steps": 9300,
  "pade_steps": 3000,
  "taylor_steps": 6300,
  "mixed_steps": 0,
  "pade_calls": 168000,
  "taylor_calls": 352800,
  "pade_step_ratio": 0.3225806451612903,
  "pade_call_ratio": 0.3225806451612903,
  "artifact_dir": "/home/yjs/autoresearch/runs/20260325-191907-m1-n2-k3-i4",
  "description": "square Pad\u00e9 safety blend to favor Taylor unless margin is strong"
}