{
  "status": "keep",
  "pade_target_file": "/home/yjs/TaylorSeer/TaylorSeer-DiT/taylor_utils/__init__.py",
  "pade_code_sha256": "a33d3655b85d125277a52ec2a7310465cfcedc58f149c06c428f2e391eb68d88",
  "pade_snapshot_file": "/home/yjs/autoresearch/runs/20260329-180840-m1-n2-k3-i2/pade_target_snapshot.py",
  "lpips": 0.03556253588059917,
  "relative_l1": 0.9763268936124052,
  "ssim": 0.9401256056810814,
  "rmse": 4.316098184749458,
  "psnr": 32.498556459621085,
  "cosine": 0.9965006284417552,
  "sample_seconds": 882.5393431186676,
  "eval_seconds": 15.204879522323608,
  "total_seconds": 897.7450470924377,
  "pade_m": 1,
  "pade_n": 2,
  "max_order": 3,
  "interval": 2,
  "pade_only_single_step": true,
  "pade_denom_threshold": 0.002,
  "approx_total_steps": 6200,
  "pade_steps": 0,
  "taylor_steps": 6200,
  "mixed_steps": 0,
  "pade_calls": 0,
  "taylor_calls": 347200,
  "pade_step_ratio": 0.0,
  "pade_call_ratio": 0.0,
  "artifact_dir": "/home/yjs/autoresearch/runs/20260329-180840-m1-n2-k3-i2",
  "description": "baseline control: pure TaylorSeer for 20260326-152352"
}