{
  "status": "discard",
  "pade_target_file": "/home/yjs/TaylorSeer/TaylorSeer-DiT/taylor_utils/__init__.py",
  "pade_code_sha256": "1a2883b392c8a31745870b124f7af9bfa56b4ad892abe7eb4b926fb30d030670",
  "pade_snapshot_file": "/home/yjs/autoresearch/runs/20260325-170114-m1-n2-k3-i4/pade_target_snapshot.py",
  "lpips": 0.08430626298300922,
  "relative_l1": 1.0708328231210218,
  "ssim": 0.8639114871894629,
  "rmse": 6.513625815138429,
  "psnr": 26.16130109255982,
  "cosine": 0.9910286355085559,
  "sample_seconds": 1733.293381690979,
  "eval_seconds": 15.476875305175781,
  "total_seconds": 1748.77188038826,
  "pade_m": 1,
  "pade_n": 2,
  "max_order": 3,
  "interval": 4,
  "pade_only_single_step": true,
  "pade_denom_threshold": 0.001,
  "approx_total_steps": 9300,
  "pade_steps": 3000,
  "taylor_steps": 6300,
  "mixed_steps": 0,
  "pade_calls": 168000,
  "taylor_calls": 352800,
  "pade_step_ratio": 0.3225806451612903,
  "pade_call_ratio": 0.3225806451612903,
  "artifact_dir": "/home/yjs/autoresearch/runs/20260325-170114-m1-n2-k3-i4",
  "description": "validate [1/2] solve and blend toward Taylor near weak denominators"
}