{
  "status": "discard",
  "lpips": 0.08283902578987182,
  "relative_l1": 1.077390151442166,
  "ssim": 0.8644895313362023,
  "rmse": 6.522856610894291,
  "psnr": 26.063786219528755,
  "cosine": 0.9911731885125569,
  "sample_seconds": 1157.4002032279968,
  "eval_seconds": 18.598203420639038,
  "total_seconds": 1175.9997272491455,
  "pade_m": 1,
  "pade_n": 2,
  "max_order": 3,
  "interval": 4,
  "pade_only_single_step": true,
  "pade_denom_threshold": 0.0001,
  "approx_total_steps": 9300,
  "pade_steps": 3000,
  "taylor_steps": 6300,
  "mixed_steps": 0,
  "pade_calls": 168000,
  "taylor_calls": 352800,
  "pade_step_ratio": 0.3225806451612903,
  "pade_call_ratio": 0.3225806451612903,
  "artifact_dir": "/home/yjs/autoresearch/runs/20260318-235539-m1-n2-k3-i4",
  "description": "agent rerun best [1/2] single-step threshold1e-4 100img"
}