{
  "status": "discard",
  "lpips": 0.08671496256254613,
  "relative_l1": 1.0731080098799475,
  "ssim": 0.8598435344575752,
  "rmse": 6.626436016980287,
  "psnr": 25.79353873308976,
  "cosine": 0.9905514749478196,
  "sample_seconds": 1180.8330965042114,
  "eval_seconds": 16.15174126625061,
  "total_seconds": 1196.988133430481,
  "pade_m": 1,
  "pade_n": 2,
  "max_order": 4,
  "interval": 4,
  "pade_only_single_step": true,
  "pade_denom_threshold": 0.0001,
  "approx_total_steps": 9300,
  "pade_steps": 3000,
  "taylor_steps": 6300,
  "mixed_steps": 0,
  "pade_calls": 168000,
  "taylor_calls": 352800,
  "pade_step_ratio": 0.3225806451612903,
  "pade_call_ratio": 0.3225806451612903,
  "artifact_dir": "/home/yjs/autoresearch/runs/20260320-000352-m1-n2-k4-i4",
  "description": "agent candidate [1/2] max_order4 single-step threshold1e-4 100img"
}