{
  "status": "discard",
  "pade_target_file": "/home/yjs/TaylorSeer/TaylorSeer-DiT/taylor_utils/__init__.py",
  "pade_code_sha256": "a33d3655b85d125277a52ec2a7310465cfcedc58f149c06c428f2e391eb68d88",
  "pade_snapshot_file": "/home/yjs/autoresearch/runs/20260329-171615-m1-n2-k3-i3/pade_target_snapshot.py",
  "lpips": 0.06147769305855036,
  "relative_l1": 1.056977721038493,
  "ssim": 0.8994675167141191,
  "rmse": 5.597430232864384,
  "psnr": 28.531345440904687,
  "cosine": 0.9921475943999383,
  "sample_seconds": 751.5288202762604,
  "eval_seconds": 15.490441799163818,
  "total_seconds": 767.0199580192566,
  "pade_m": 1,
  "pade_n": 2,
  "max_order": 3,
  "interval": 3,
  "pade_only_single_step": true,
  "pade_denom_threshold": 0.001,
  "approx_total_steps": 8300,
  "pade_steps": 0,
  "taylor_steps": 8300,
  "mixed_steps": 0,
  "pade_calls": 0,
  "taylor_calls": 464800,
  "pade_step_ratio": 0.0,
  "pade_call_ratio": 0.0,
  "artifact_dir": "/home/yjs/autoresearch/runs/20260329-171615-m1-n2-k3-i3",
  "description": "baseline control: pure TaylorSeer for 20260326-130916"
}