{
  "status": "discard",
  "pade_target_file": "/home/yjs/TaylorSeer/TaylorSeer-DiT/taylor_utils/__init__.py",
  "pade_code_sha256": "7baf5f333d00273ef174aed6fb9b962254d9fed7a507c2d7a89aeac131feba45",
  "pade_snapshot_file": "/home/yjs/autoresearch/runs/20260325-163603-m1-n2-k3-i4/pade_target_snapshot.py",
  "lpips": 0.08459766360931098,
  "relative_l1": 1.073271556612703,
  "ssim": 0.8641956336927802,
  "rmse": 6.509303420322287,
  "psnr": 26.159115209175333,
  "cosine": 0.9910560104127151,
  "sample_seconds": 1071.099122285843,
  "eval_seconds": 15.332013368606567,
  "total_seconds": 1086.431833744049,
  "pade_m": 1,
  "pade_n": 2,
  "max_order": 3,
  "interval": 4,
  "pade_only_single_step": true,
  "pade_denom_threshold": 0.001,
  "approx_total_steps": 9300,
  "pade_steps": 3000,
  "taylor_steps": 6300,
  "mixed_steps": 0,
  "pade_calls": 168000,
  "taylor_calls": 352800,
  "pade_step_ratio": 0.3225806451612903,
  "pade_call_ratio": 0.3225806451612903,
  "artifact_dir": "/home/yjs/autoresearch/runs/20260325-163603-m1-n2-k3-i4",
  "description": "baseline fixed-parameter Pad\u00e9 code"
}