{
  "status": "discard",
  "pade_target_file": "/home/yjs/TaylorSeer/TaylorSeer-DiT/taylor_utils/__init__.py",
  "pade_code_sha256": "1464a286869fa61b37d3319b039b4023960b9d9474e6a7bc4fecf4189104e400",
  "pade_snapshot_file": "/home/yjs/autoresearch/runs/20260325-181430-m1-n2-k3-i4/pade_target_snapshot.py",
  "lpips": 0.08483686154708266,
  "relative_l1": 1.072619854966315,
  "ssim": 0.8632838605942753,
  "rmse": 6.531187368086251,
  "psnr": 26.112723266250942,
  "cosine": 0.9909673547222608,
  "sample_seconds": 998.5587232112885,
  "eval_seconds": 15.285052299499512,
  "total_seconds": 1013.8448202610016,
  "pade_m": 1,
  "pade_n": 2,
  "max_order": 3,
  "interval": 4,
  "pade_only_single_step": true,
  "pade_denom_threshold": 0.001,
  "approx_total_steps": 9300,
  "pade_steps": 3000,
  "taylor_steps": 6300,
  "mixed_steps": 0,
  "pade_calls": 168000,
  "taylor_calls": 352800,
  "pade_step_ratio": 0.3225806451612903,
  "pade_call_ratio": 0.3225806451612903,
  "artifact_dir": "/home/yjs/autoresearch/runs/20260325-181430-m1-n2-k3-i4",
  "description": "explicit [1/2] coeff solve with determinant guard fallback"
}