{
  "status": "discard",
  "pade_target_file": "/home/yjs/TaylorSeer/TaylorSeer-DiT/taylor_utils/__init__.py",
  "pade_code_sha256": "ac595e6c18cf5add6b37aa2a1da7d5a9644ee308d444af480f04289555be3346",
  "pade_snapshot_file": "/home/yjs/autoresearch/runs/20260326-173219-m1-n2-k3-i2/pade_target_snapshot.py",
  "lpips": 0.04588137787184678,
  "relative_l1": 1.0166670556795567,
  "ssim": 0.9241878762366251,
  "rmse": 4.850714240388515,
  "psnr": 30.510500289871196,
  "cosine": 0.9950208203555353,
  "sample_seconds": 3620.107584953308,
  "eval_seconds": 15.02668046951294,
  "total_seconds": 3635.136195898056,
  "pade_m": 1,
  "pade_n": 2,
  "max_order": 3,
  "interval": 2,
  "pade_only_single_step": true,
  "pade_denom_threshold": 0.002,
  "approx_total_steps": 6200,
  "pade_steps": 6100,
  "taylor_steps": 100,
  "mixed_steps": 0,
  "pade_calls": 341600,
  "taylor_calls": 5600,
  "pade_step_ratio": 0.9838709677419355,
  "pade_call_ratio": 0.9838709677419355,
  "artifact_dir": "/home/yjs/autoresearch/runs/20260326-173219-m1-n2-k3-i2",
  "description": "code probe: weak-margin [1/2] fallback to [1/1] at 2e-3 threshold"
}