{
  "status": "discard",
  "pade_target_file": "/home/yjs/TaylorSeer/TaylorSeer-DiT/taylor_utils/__init__.py",
  "pade_code_sha256": "197599e55fd4d8c2f80bcca8928597f1fa57ddc89bbd35e303c8c22318c9899d",
  "pade_snapshot_file": "/home/yjs/autoresearch/runs/20260325-225926-m1-n2-k3-i4/pade_target_snapshot.py",
  "lpips": 0.08512349410913884,
  "relative_l1": 1.0741839099309984,
  "ssim": 0.8629767953777914,
  "rmse": 6.515266882281437,
  "psnr": 26.10250099340211,
  "cosine": 0.9908986833988537,
  "sample_seconds": 1802.3068420886993,
  "eval_seconds": 15.402621269226074,
  "total_seconds": 1817.71138215065,
  "pade_m": 1,
  "pade_n": 2,
  "max_order": 3,
  "interval": 4,
  "pade_only_single_step": true,
  "pade_denom_threshold": 0.001,
  "approx_total_steps": 9300,
  "pade_steps": 3000,
  "taylor_steps": 6300,
  "mixed_steps": 0,
  "pade_calls": 168000,
  "taylor_calls": 352800,
  "pade_step_ratio": 0.3225806451612903,
  "pade_call_ratio": 0.3225806451612903,
  "artifact_dir": "/home/yjs/autoresearch/runs/20260325-225926-m1-n2-k3-i4",
  "description": "scale-normalize Taylor coefficients before [1/2] Pad\u00e9 solve"
}