{
  "status": "discard",
  "pade_target_file": "/home/yjs/TaylorSeer/TaylorSeer-DiT/taylor_utils/__init__.py",
  "pade_code_sha256": "3a3edb3b909a24a0ef0c7f6fce527c2e4282ffb0457c0b2f44f70dfae499121a",
  "pade_snapshot_file": "/home/yjs/autoresearch/runs/20260325-204050-m1-n2-k3-i4/pade_target_snapshot.py",
  "lpips": 0.08509273299947381,
  "relative_l1": 1.0741293927018973,
  "ssim": 0.863015509607148,
  "rmse": 6.515484111389629,
  "psnr": 26.10446245593204,
  "cosine": 0.9909054759966074,
  "sample_seconds": 1513.970309495926,
  "eval_seconds": 15.411362409591675,
  "total_seconds": 1529.3838851451874,
  "pade_m": 1,
  "pade_n": 2,
  "max_order": 3,
  "interval": 4,
  "pade_only_single_step": true,
  "pade_denom_threshold": 0.001,
  "approx_total_steps": 9300,
  "pade_steps": 3000,
  "taylor_steps": 6300,
  "mixed_steps": 0,
  "pade_calls": 168000,
  "taylor_calls": 352800,
  "pade_step_ratio": 0.3225806451612903,
  "pade_call_ratio": 0.3225806451612903,
  "artifact_dir": "/home/yjs/autoresearch/runs/20260325-204050-m1-n2-k3-i4",
  "description": "correction-ratio guard fallback when Pad\u00e9 deviates too far from local Taylor"
}