{
  "status": "keep",
  "pade_target_file": "/home/yjs/TaylorSeer/TaylorSeer-DiT/taylor_utils/__init__.py",
  "pade_code_sha256": "a33d3655b85d125277a52ec2a7310465cfcedc58f149c06c428f2e391eb68d88",
  "pade_snapshot_file": "/home/yjs/autoresearch/runs/20260326-152352-m1-n2-k3-i2/pade_target_snapshot.py",
  "lpips": 0.04572509276913479,
  "relative_l1": 0.9852023327773294,
  "ssim": 0.9219382765029939,
  "rmse": 4.797508772567224,
  "psnr": 30.884271277456072,
  "cosine": 0.9954534530756206,
  "sample_seconds": 3006.547294855118,
  "eval_seconds": 14.654690027236938,
  "total_seconds": 3021.203842639923,
  "pade_m": 1,
  "pade_n": 2,
  "max_order": 3,
  "interval": 2,
  "pade_only_single_step": true,
  "pade_denom_threshold": 0.002,
  "approx_total_steps": 6200,
  "pade_steps": 6100,
  "taylor_steps": 100,
  "mixed_steps": 0,
  "pade_calls": 341600,
  "taylor_calls": 5600,
  "pade_step_ratio": 0.9838709677419355,
  "pade_call_ratio": 0.9838709677419355,
  "artifact_dir": "/home/yjs/autoresearch/runs/20260326-152352-m1-n2-k3-i2",
  "description": "parameter probe: raise pade_denom_threshold to 2e-3 on interval-2 weak-denominator-only blend code"
}