{
  "status": "discard",
  "lpips": 0.08606760430149735,
  "relative_l1": 1.0740134221595152,
  "ssim": 0.8612915109498144,
  "rmse": 6.557549599517363,
  "psnr": 26.011166003330757,
  "cosine": 0.9908452147565303,
  "sample_seconds": 1625.4920120239258,
  "eval_seconds": 18.698228359222412,
  "total_seconds": 1644.1913950443268,
  "pade_m": 1,
  "pade_n": 3,
  "max_order": 4,
  "interval": 4,
  "pade_only_single_step": true,
  "pade_denom_threshold": 0.0001,
  "approx_total_steps": 9300,
  "pade_steps": 2950,
  "taylor_steps": 6350,
  "mixed_steps": 0,
  "pade_calls": 165200,
  "taylor_calls": 355600,
  "pade_step_ratio": 0.3172043010752688,
  "pade_call_ratio": 0.3172043010752688,
  "artifact_dir": "/home/yjs/autoresearch/runs/20260318-223640-m1-n3-k4-i4",
  "description": "candidate [1/3] pade 100img"
}