{
  "status": "discard",
  "lpips": 0.7667048174142838,
  "relative_l1": 1.05535947736072,
  "ssim": 0.2038804033628046,
  "rmse": 10.175371942027406,
  "psnr": 9.835116062853666,
  "cosine": 0.8275943291760628,
  "sample_seconds": 1230.232742547989,
  "eval_seconds": 18.53250765800476,
  "total_seconds": 1248.7681193351746,
  "pade_m": 2,
  "pade_n": 2,
  "max_order": 4,
  "interval": 4,
  "pade_only_single_step": true,
  "pade_denom_threshold": 0.0001,
  "approx_total_steps": 9300,
  "pade_steps": 2950,
  "taylor_steps": 6350,
  "mixed_steps": 0,
  "pade_calls": 165200,
  "taylor_calls": 355600,
  "pade_step_ratio": 0.3172043010752688,
  "pade_call_ratio": 0.3172043010752688,
  "artifact_dir": "/home/yjs/autoresearch/runs/20260318-221350-m2-n2-k4-i4",
  "description": "retry [2/2] pade 100img"
}